name,wal_level,mode,compression,width,jobs,wal_buffers,images,rows,elapsed_s,rows_per_s,wal_records,wal_fpi,wal_bytes,wal_fpi_bytes,wal_bytes_per_row,wal_to_heap_ratio,wal_MB_per_s,wal_buffers_full,wal_io_writes,wal_io_write_time_ms,wal_io_fsyncs,wal_io_fsync_time_ms,heap_bytes
narrow_replica_j1,replica,existing,off,narrow,1,16MB,off,10000000,1.816,5506607,63803,18,245137587,138592,24.5,0.55,128.7,0,42,18.1,42,109.7,443154432
narrow_replica_j2,replica,existing,off,narrow,2,16MB,off,10000000,1.017,9832841,63927,18,245258610,139888,24.5,0.55,230.0,2908,2935,21.2,28,111.8,443023360
narrow_replica_j4,replica,existing,off,narrow,4,16MB,off,10000000,0.679,14727540,63981,18,245293359,138868,24.5,0.55,344.5,23142,23151,40.1,20,115.6,443154432
wide_replica_j1,replica,existing,off,wide,1,16MB,off,600000,1.415,424028,93534,27,612107945,211112,1020.2,0.87,412.5,2467,2544,48.0,78,431.5,702676992
wide_replica_j4,replica,existing,off,wide,4,16MB,off,600000,0.723,829875,94022,27,612138889,214480,1020.2,0.87,807.4,65033,65042,102.6,43,263.5,702545920
narrow_unlogged_j1,replica,unlogged,off,narrow,1,16MB,off,10000000,1.661,6020469,3,2,6028,5896,0.0,0.00,0.0,0,2,0.0,2,86.7,443154432
narrow_unlogged_j4,replica,unlogged,off,narrow,4,16MB,off,10000000,0.483,20703933,6,2,7426,7192,0.0,0.00,0.0,0,4,0.0,4,7.2,443219968
wide_unlogged_j1,replica,unlogged,off,wide,1,16MB,off,600000,0.846,709219,4,3,18709,18528,0.0,0.00,0.0,0,2,0.0,2,4.6,702676992
narrow_minimal_newrel_j1,minimal,newrel,off,narrow,1,16MB,off,10000000,1.814,5512679,42,17,105046,101684,0.0,0.00,0.1,0,2,0.0,2,0.6,443285504
wide_minimal_newrel_j1,minimal,newrel,off,wide,1,16MB,off,600000,1.508,397877,101,25,160577,150400,0.3,0.00,0.1,0,3,0.0,3,388.1,702971904
narrow_minimal_existing_j1,minimal,existing,off,narrow,1,16MB,off,10000000,1.814,5512679,63803,18,245138443,139448,24.5,0.55,128.9,0,41,18.4,41,117.3,443154432
narrow_replica_freeze_j1,replica,newrel_freeze,off,narrow,1,16MB,off,10000000,1.845,5420054,63829,18,245538796,103772,24.6,0.55,126.9,0,42,18.3,42,113.6,443219968
wide_replica_freeze_j1,replica,newrel_freeze,off,wide,1,16MB,off,600000,1.257,477326,93605,24,612725375,133748,1021.2,0.87,464.9,2272,2349,49.0,79,279.8,702906368
narrow_replica_lz4_j1,replica,existing,lz4,narrow,1,16MB,off,10000000,1.820,5494505,63803,18,245003213,4214,24.5,0.55,128.4,0,44,18.5,44,116.4,443154432
narrow_logical_j1,logical,existing,off,narrow,1,16MB,off,10000000,1.808,5530973,63803,18,245139179,140172,24.5,0.55,129.3,134,177,18.9,43,115.0,443154432
narrow_replica_j4_wb256,replica,existing,off,narrow,4,256MB,off,10000000,0.676,14792899,63970,18,245302140,141468,24.5,0.55,346.1,0,26,25.0,26,110.3,443088896
wide_replica_j4_wb256,replica,existing,off,wide,4,256MB,off,600000,0.723,829875,94060,27,612138566,212192,1020.2,0.87,807.4,0,49,59.3,49,268.4,702234624
wide_replica_j1_wb256,replica,existing,off,wide,1,256MB,off,600000,1.312,457317,93534,27,612105705,208872,1020.2,0.87,444.9,0,80,47.1,80,281.4,702676992
narrow_img_j1,replica,existing,off,narrow,1,16MB,on,10000000,1.890,5291005,63803,44073,409415390,359800320,40.9,0.92,206.6,3950,3998,35.2,50,194.3,443154432
narrow_img_zstd_j1,replica,existing,zstd,narrow,1,16MB,on,10000000,2.731,3661662,63803,44073,107650772,57947588,10.8,0.24,37.6,0,37,8.4,37,123.0,443154432
narrow_img_zstd_j4,replica,existing,zstd,narrow,4,16MB,on,10000000,0.865,11560693,63968,44103,107602113,57924894,10.8,0.24,118.6,0,17,8.6,17,94.2,442892288
wide_img_j1,replica,existing,off,wide,1,16MB,on,600000,1.269,472813,93534,76650,627235292,557723000,1045.4,0.89,471.4,647,727,48.6,81,287.4,702676992
wide_zstd_j1,replica,existing,zstd,wide,1,16MB,off,600000,1.274,470957,93534,27,611900907,4068,1019.8,0.87,458.0,2365,2442,48.3,80,281.3,702676992
wide_img_zstd_j1,replica,existing,zstd,wide,1,16MB,on,600000,1.694,354191,93534,76650,99653787,29988243,166.1,0.14,56.1,0,54,7.5,54,57.2,702676992
wide_img_zstd_j4,replica,existing,zstd,wide,4,16MB,on,600000,0.622,964630,93863,76668,99396216,29839448,165.7,0.14,152.4,0,20,8.7,20,47.7,702611456
wide_img_zstd_j4_wb256,replica,existing,zstd,wide,4,256MB,on,600000,0.651,921658,93811,76667,99401281,29840450,165.7,0.14,145.6,0,21,9.7,21,47.3,702349312
narrow_img_lz4_j1,replica,existing,lz4,narrow,1,16MB,on,10000000,2.002,4995004,63803,44073,190848957,141145773,19.1,0.43,90.9,0,39,14.0,39,87.5,443154432
narrow_img_lz4_j4,replica,existing,lz4,narrow,4,16MB,on,10000000,0.684,14619883,64001,44123,190774395,141140668,19.1,0.43,266.0,9955,9970,25.0,19,84.1,442925056
wide_img_lz4_j1,replica,existing,lz4,wide,1,16MB,on,600000,1.109,541027,93534,76650,121124281,51458737,201.9,0.17,104.2,0,49,9.1,49,59.7,702676992
wide_img_lz4_j4,replica,existing,lz4,wide,4,16MB,on,600000,0.456,1315789,94044,76684,120647837,51194130,201.1,0.17,252.3,0,22,10.7,22,53.1,702185472
rand_replica_j1,replica,existing,off,rand,1,16MB,off,600000,1.261,475812,93420,27,608443635,212336,1014.1,0.87,460.2,755,836,44.4,81,268.0,702316544
rand_replica_j4,replica,existing,off,rand,4,16MB,off,600000,0.744,806451,93950,27,608476468,215704,1014.1,0.87,780.0,64548,64559,104.9,41,260.4,702414848
rand_img_j1,replica,existing,off,rand,1,16MB,on,600000,1.252,479233,93420,76786,622568859,554413884,1037.6,0.89,474.2,1850,1929,46.1,80,274.8,702316544
rand_img_zstd_j1,replica,existing,zstd,rand,1,16MB,on,600000,3.398,176574,93420,76786,485583746,417275247,809.3,0.69,136.3,252,326,35.4,74,227.9,702316544
rand_img_lz4_j1,replica,existing,lz4,rand,1,16MB,on,600000,1.527,392927,93420,76786,612328475,544019976,1020.5,0.87,382.4,1225,1303,45.5,80,268.4,702316544
rand_img_zstd_j4,replica,existing,zstd,rand,4,16MB,on,600000,1.248,480769,93602,76804,485526199,417334283,809.2,0.69,371.0,49990,50001,82.3,33,209.8,702578688
rand_img_lz4_j4,replica,existing,lz4,rand,4,16MB,on,600000,0.796,753768,93890,76803,612235090,544020106,1020.4,0.87,733.5,62507,62518,103.2,43,267.0,702251008
